,ID,Assay,estimate,.y.,group1,group2,n1,n2,statistic,p,conf.low,conf.high,method,alternative,p.signif,Adjusted_pval
183,183,IGFBP1,2.7504,NPX,Day 1 1h,Day 1 6h,14,14,186,6.93E-06,1.8875,3.9929,Wilcoxon,two.sided,****,0.00253638
139,139,FABP2,0.8157,NPX,Day 1 1h,Day 1 6h,13,13,156,7.17E-05,0.4344,1.395,Wilcoxon,two.sided,****,0.0131211
194,194,IL6,-1.99505,NPX,Day 1 1h,Day 1 6h,13,14,30,0.00228,-3.2721,-0.6837,Wilcoxon,two.sided,**,0.227835
177,177,HYAL1,0.31555,NPX,Day 1 1h,Day 1 6h,14,14,162,0.00249,0.1476,0.5386,Wilcoxon,two.sided,**,0.227835
264,264,PLAT,0.81045,NPX,Day 1 1h,Day 1 6h,14,14,158,0.00491,0.2194,1.3436,Wilcoxon,two.sided,**,0.359412
141,141,FABP6,0.53195,NPX,Day 1 1h,Day 1 6h,13,14,138,0.0222,0.1263,0.8663,Wilcoxon,two.sided,*,0.983057851
212,212,LGALS3,0.32035,NPX,Day 1 1h,Day 1 6h,14,14,147,0.0241,0.0259,0.6659,Wilcoxon,two.sided,*,0.983057851
167,167,GSTA1,0.8971,NPX,Day 1 1h,Day 1 6h,13,13,128,0.0256,0.0938,1.5649,Wilcoxon,two.sided,*,0.983057851
146,146,FBP1,0.7632,NPX,Day 1 1h,Day 1 6h,13,13,126,0.0338,0.0927,1.5697,Wilcoxon,two.sided,*,0.983057851
319,319,SPON2,0.465,NPX,Day 1 1h,Day 1 6h,13,13,125,0.0387,0.0244,0.9896,Wilcoxon,two.sided,*,0.983057851
172,172,HK2,-0.6047,NPX,Day 1 1h,Day 1 6h,13,14,49,0.0427,-1.3927,-0.0423,Wilcoxon,two.sided,*,0.983057851
145,145,FAS,0.32635,NPX,Day 1 1h,Day 1 6h,14,14,142,0.0444,0.0086,0.5867,Wilcoxon,two.sided,*,0.983057851
53,53,CCN3,0.56005,NPX,Day 1 1h,Day 1 6h,14,14,141,0.0497,0.0578,0.9207,Wilcoxon,two.sided,*,0.983057851
234,234,MTPN,0.2692,NPX,Day 1 1h,Day 1 6h,13,14,130,0.0609,-0.0121,0.4988,Wilcoxon,two.sided,ns,0.983057851
228,228,MFAP5,0.43215,NPX,Day 1 1h,Day 1 6h,14,14,139,0.062,-0.0361,0.9454,Wilcoxon,two.sided,ns,0.983057851
333,333,TGFBR3,0.3125,NPX,Day 1 1h,Day 1 6h,14,14,137,0.0767,-0.0559,0.5921,Wilcoxon,two.sided,ns,0.983057851
342,342,TIMP1,0.19605,NPX,Day 1 1h,Day 1 6h,14,14,137,0.0767,-0.0198,0.3987,Wilcoxon,two.sided,ns,0.983057851
143,143,FAM3C,0.2554,NPX,Day 1 1h,Day 1 6h,13,13,118,0.0908,-0.0453,0.4951,Wilcoxon,two.sided,ns,0.983057851
223,223,MCFD2,-0.3862,NPX,Day 1 1h,Day 1 6h,13,13,51,0.0908,-0.8817,0.103,Wilcoxon,two.sided,ns,0.983057851
350,350,TSHB,0.5066,NPX,Day 1 1h,Day 1 6h,13,13,118,0.0908,-0.122,1.1074,Wilcoxon,two.sided,ns,0.983057851
63,63,CDH1,0.2132,NPX,Day 1 1h,Day 1 6h,14,14,135,0.0939,-0.0153,0.4437,Wilcoxon,two.sided,ns,0.983057851
128,128,EFEMP1,0.2703,NPX,Day 1 1h,Day 1 6h,14,14,135,0.0939,-0.0393,0.6527,Wilcoxon,two.sided,ns,0.983057851
137,137,F7,0.2532,NPX,Day 1 1h,Day 1 6h,14,14,135,0.0939,-0.0425,0.5758,Wilcoxon,two.sided,ns,0.983057851
186,186,IGFBP6,0.28935,NPX,Day 1 1h,Day 1 6h,14,14,135,0.0939,-0.069,0.6209,Wilcoxon,two.sided,ns,0.983057851
285,285,QPCT,0.2375,NPX,Day 1 1h,Day 1 6h,14,14,135,0.0939,-0.0513,0.5588,Wilcoxon,two.sided,ns,0.983057851
241,241,NPDC1,0.2033,NPX,Day 1 1h,Day 1 6h,13,13,117,0.101,-0.0855,0.4737,Wilcoxon,two.sided,ns,0.983057851
48,48,CCL15,0.3502,NPX,Day 1 1h,Day 1 6h,14,14,134,0.104,-0.0851,0.8281,Wilcoxon,two.sided,ns,0.983057851
221,221,MB,0.351,NPX,Day 1 1h,Day 1 6h,14,14,133,0.114,-0.1002,0.7328,Wilcoxon,two.sided,ns,0.983057851
42,42,CA5A,0.70545,NPX,Day 1 1h,Day 1 6h,13,14,124,0.116,-0.1354,1.606,Wilcoxon,two.sided,ns,0.983057851
4,4,ACP5,0.1807,NPX,Day 1 1h,Day 1 6h,14,14,131,0.137,-0.0857,0.3978,Wilcoxon,two.sided,ns,0.983057851
33,33,BLMH,0.2087,NPX,Day 1 1h,Day 1 6h,14,14,131,0.137,-0.0932,0.7344,Wilcoxon,two.sided,ns,0.983057851
66,66,CDH5,0.1576,NPX,Day 1 1h,Day 1 6h,14,14,131,0.137,-0.0843,0.3543,Wilcoxon,two.sided,ns,0.983057851
219,219,LTBP2,0.2817,NPX,Day 1 1h,Day 1 6h,14,14,131,0.137,-0.068,0.6521,Wilcoxon,two.sided,ns,0.983057851
254,254,PCSK9,0.43865,NPX,Day 1 1h,Day 1 6h,14,14,131,0.137,-0.1592,0.8727,Wilcoxon,two.sided,ns,0.983057851
308,308,SERPINE1,0.5747,NPX,Day 1 1h,Day 1 6h,14,14,131,0.137,-0.1101,1.4931,Wilcoxon,two.sided,ns,0.983057851
306,306,SERPINA12,0.359,NPX,Day 1 1h,Day 1 6h,13,13,114,0.139,-0.1878,0.8226,Wilcoxon,two.sided,ns,0.983057851
242,242,NPPB,0.69905,NPX,Day 1 1h,Day 1 6h,13,14,122,0.141,-0.3463,1.7581,Wilcoxon,two.sided,ns,0.983057851
136,136,ESAM,0.213231426,NPX,Day 1 1h,Day 1 6h,14,14,130,0.148,-0.22239997,0.511980176,Wilcoxon,two.sided,ns,0.983057851
102,102,CST3,0.18935,NPX,Day 1 1h,Day 1 6h,14,14,130,0.15,-0.0991,0.4914,Wilcoxon,two.sided,ns,0.983057851
144,144,FAP,0.1756,NPX,Day 1 1h,Day 1 6h,14,14,130,0.15,-0.0446,0.394,Wilcoxon,two.sided,ns,0.983057851
46,46,CCDC80,0.1923,NPX,Day 1 1h,Day 1 6h,13,13,113,0.153,-0.1484,0.557,Wilcoxon,two.sided,ns,0.983057851
104,104,CSTB,0.2454,NPX,Day 1 1h,Day 1 6h,14,14,129,0.164,-0.2337,0.9252,Wilcoxon,two.sided,ns,0.983057851
125,125,DPT,0.2591,NPX,Day 1 1h,Day 1 6h,14,14,129,0.164,-0.1179,0.5453,Wilcoxon,two.sided,ns,0.983057851
260,260,PI3,0.1705,NPX,Day 1 1h,Day 1 6h,14,14,129,0.164,-0.0765,0.4664,Wilcoxon,two.sided,ns,0.983057851
10,10,ADAMTS16,0.2827,NPX,Day 1 1h,Day 1 6h,13,14,120,0.169,-0.1585,0.6241,Wilcoxon,two.sided,ns,0.983057851
80,80,CLC,0.544,NPX,Day 1 1h,Day 1 6h,13,13,112,0.169,-0.2174,1.204,Wilcoxon,two.sided,ns,0.983057851
265,265,PLIN3,0.2186,NPX,Day 1 1h,Day 1 6h,13,13,112,0.169,-0.1588,1.075,Wilcoxon,two.sided,ns,0.983057851
334,334,TGM2,0.4442,NPX,Day 1 1h,Day 1 6h,13,13,112,0.169,-0.4401,1.909,Wilcoxon,two.sided,ns,0.983057851
21,21,ANG,0.1576,NPX,Day 1 1h,Day 1 6h,14,14,127,0.194,-0.1065,0.4008,Wilcoxon,two.sided,ns,0.983057851
23,23,ANGPTL3,0.2964,NPX,Day 1 1h,Day 1 6h,14,14,127,0.194,-0.123,0.6672,Wilcoxon,two.sided,ns,0.983057851
29,29,ART3,0.1636,NPX,Day 1 1h,Day 1 6h,14,14,127,0.194,-0.1049,0.3724,Wilcoxon,two.sided,ns,0.983057851
238,238,NID1,0.24505,NPX,Day 1 1h,Day 1 6h,14,14,127,0.194,-0.1531,0.5537,Wilcoxon,two.sided,ns,0.983057851
276,276,PROC,0.14535,NPX,Day 1 1h,Day 1 6h,14,14,127,0.194,-0.0807,0.4011,Wilcoxon,two.sided,ns,0.983057851
75,75,CHEK2,0.2612,NPX,Day 1 1h,Day 1 6h,13,14,118,0.202,-0.2835,0.5754,Wilcoxon,two.sided,ns,0.983057851
199,199,ITGB1BP2,-0.9276,NPX,Day 1 1h,Day 1 6h,13,14,64,0.202,-1.9561,0.7341,Wilcoxon,two.sided,ns,0.983057851
281,281,PTN,0.42105,NPX,Day 1 1h,Day 1 6h,13,14,118,0.202,-0.1684,1.079,Wilcoxon,two.sided,ns,0.983057851
262,262,PLA2G1B,0.19655,NPX,Day 1 1h,Day 1 6h,14,14,126,0.21,-0.1161,0.5592,Wilcoxon,two.sided,ns,0.983057851
280,280,PTGDS,0.16665,NPX,Day 1 1h,Day 1 6h,14,14,126,0.21,-0.0877,0.4244,Wilcoxon,two.sided,ns,0.983057851
340,340,TIE1,0.2769,NPX,Day 1 1h,Day 1 6h,14,14,126,0.21,-0.1467,0.715,Wilcoxon,two.sided,ns,0.983057851
113,113,CXCL8,-0.2351,NPX,Day 1 1h,Day 1 6h,13,13,60,0.223,-0.6174,0.1492,Wilcoxon,two.sided,ns,0.983057851
211,211,LGALS1,0.2387,NPX,Day 1 1h,Day 1 6h,13,13,109,0.223,-0.1852,0.6502,Wilcoxon,two.sided,ns,0.983057851
9,9,ADAMTS13,0.10975,NPX,Day 1 1h,Day 1 6h,14,14,125,0.227,-0.1347,0.3512,Wilcoxon,two.sided,ns,0.983057851
24,24,ANPEP,0.09165,NPX,Day 1 1h,Day 1 6h,14,14,125,0.227,-0.0678,0.3181,Wilcoxon,two.sided,ns,0.983057851
110,110,CTSZ,0.20255,NPX,Day 1 1h,Day 1 6h,14,14,125,0.227,-0.0907,0.4797,Wilcoxon,two.sided,ns,0.983057851
123,123,DPP4,0.1179,NPX,Day 1 1h,Day 1 6h,14,14,125,0.227,-0.0908,0.303,Wilcoxon,two.sided,ns,0.983057851
60,60,CD59,0.15135,NPX,Day 1 1h,Day 1 6h,14,14,124,0.246,-0.097,0.3671,Wilcoxon,two.sided,ns,0.983057851
76,76,CHI3L1,0.2106,NPX,Day 1 1h,Day 1 6h,14,14,124,0.246,-0.1866,0.5023,Wilcoxon,two.sided,ns,0.983057851
89,89,COL18A1,0.1745,NPX,Day 1 1h,Day 1 6h,14,14,124,0.246,-0.1168,0.4996,Wilcoxon,two.sided,ns,0.983057851
135,135,EPHB4,0.18745,NPX,Day 1 1h,Day 1 6h,14,14,124,0.246,-0.0872,0.3864,Wilcoxon,two.sided,ns,0.983057851
187,187,IGFBP7,0.0974,NPX,Day 1 1h,Day 1 6h,14,14,124,0.246,-0.079,0.2396,Wilcoxon,two.sided,ns,0.983057851
298,298,SCARF1,0.18755,NPX,Day 1 1h,Day 1 6h,14,14,124,0.246,-0.1224,0.4947,Wilcoxon,two.sided,ns,0.983057851
329,329,TFF3,0.1571,NPX,Day 1 1h,Day 1 6h,14,14,124,0.246,-0.1475,0.49,Wilcoxon,two.sided,ns,0.983057851
332,332,TGFBI,0.1304,NPX,Day 1 1h,Day 1 6h,14,14,124,0.246,-0.1482,0.4347,Wilcoxon,two.sided,ns,0.983057851
224,224,MEGF9,0.115571489,NPX,Day 1 1h,Day 1 6h,14,14,123,0.26,-0.115879222,0.280055151,Wilcoxon,two.sided,ns,0.983057851
158,158,GHRL,0.4194,NPX,Day 1 1h,Day 1 6h,13,13,107,0.264,-0.4368,1.2596,Wilcoxon,two.sided,ns,0.983057851
247,247,NTproBNP,0.6231,NPX,Day 1 1h,Day 1 6h,13,13,107,0.264,-0.5299,1.3963,Wilcoxon,two.sided,ns,0.983057851
49,49,CCL16,0.23415,NPX,Day 1 1h,Day 1 6h,14,14,123,0.265,-0.1968,0.6292,Wilcoxon,two.sided,ns,0.983057851
154,154,GDF15,-0.0853,NPX,Day 1 1h,Day 1 6h,14,14,73,0.265,-0.3726,0.0812,Wilcoxon,two.sided,ns,0.983057851
193,193,IL2RA,0.1632,NPX,Day 1 1h,Day 1 6h,14,14,123,0.265,-0.2127,0.4894,Wilcoxon,two.sided,ns,0.983057851
322,322,SSC5D,0.17855,NPX,Day 1 1h,Day 1 6h,14,14,123,0.265,-0.2287,0.5923,Wilcoxon,two.sided,ns,0.983057851
13,13,ADH4,0.4455,NPX,Day 1 1h,Day 1 6h,13,14,114,0.28,-0.3741,1.5522,Wilcoxon,two.sided,ns,0.983057851
98,98,CR2,0.1368,NPX,Day 1 1h,Day 1 6h,14,14,122,0.285,-0.1011,0.3678,Wilcoxon,two.sided,ns,0.983057851
153,153,GAS6,0.22355,NPX,Day 1 1h,Day 1 6h,14,14,122,0.285,-0.1674,0.5646,Wilcoxon,two.sided,ns,0.983057851
240,240,NOTCH3,0.2025,NPX,Day 1 1h,Day 1 6h,14,14,122,0.285,-0.2668,0.607,Wilcoxon,two.sided,ns,0.983057851
253,253,PCOLCE,0.2035,NPX,Day 1 1h,Day 1 6h,14,14,122,0.285,-0.1786,0.5467,Wilcoxon,two.sided,ns,0.983057851
258,258,PDGFRB,0.10375,NPX,Day 1 1h,Day 1 6h,14,14,122,0.285,-0.1318,0.3645,Wilcoxon,two.sided,ns,0.983057851
45,45,CBLIF,-0.2315,NPX,Day 1 1h,Day 1 6h,13,13,63,0.287,-0.8634,0.2987,Wilcoxon,two.sided,ns,0.983057851
335,335,THBD,0.1543,NPX,Day 1 1h,Day 1 6h,13,13,106,0.287,-0.0854,0.3935,Wilcoxon,two.sided,ns,0.983057851
307,307,SERPINB5,0.429,NPX,Day 1 1h,Day 1 6h,13,14,113,0.302,-0.6334,1.3118,Wilcoxon,two.sided,ns,0.983057851
92,92,COL6A3,0.2095,NPX,Day 1 1h,Day 1 6h,14,14,121,0.306,-0.2065,0.6623,Wilcoxon,two.sided,ns,0.983057851
156,156,GGH,0.09795,NPX,Day 1 1h,Day 1 6h,14,14,121,0.306,-0.2899,0.4104,Wilcoxon,two.sided,ns,0.983057851
268,268,PLXNB2,0.11615,NPX,Day 1 1h,Day 1 6h,14,14,121,0.306,-0.1074,0.2657,Wilcoxon,two.sided,ns,0.983057851
283,283,PTPRS,0.12275,NPX,Day 1 1h,Day 1 6h,14,14,121,0.306,-0.1491,0.3591,Wilcoxon,two.sided,ns,0.983057851
305,305,SERPINA11,0.3114,NPX,Day 1 1h,Day 1 6h,14,14,121,0.306,-0.163,0.7304,Wilcoxon,two.sided,ns,0.983057851
318,318,SPARCL1,0.1318,NPX,Day 1 1h,Day 1 6h,14,14,121,0.306,-0.0965,0.3072,Wilcoxon,two.sided,ns,0.983057851
1,1,ACAN,0.0956,NPX,Day 1 1h,Day 1 6h,13,13,105,0.311,-0.1011,0.2835,Wilcoxon,two.sided,ns,0.983057851
22,22,ANGPTL1,-0.1199,NPX,Day 1 1h,Day 1 6h,13,13,64,0.311,-0.468,0.26,Wilcoxon,two.sided,ns,0.983057851
296,296,S100A11,0.1983,NPX,Day 1 1h,Day 1 6h,13,13,105,0.311,-0.1729,0.7541,Wilcoxon,two.sided,ns,0.983057851
361,361,VSIR,0.1265,NPX,Day 1 1h,Day 1 6h,13,13,105,0.311,-0.1638,0.3615,Wilcoxon,two.sided,ns,0.983057851
236,236,NCAM1,0.18911627,NPX,Day 1 1h,Day 1 6h,14,14,120.5,0.312,-0.182343364,0.517186262,Wilcoxon,two.sided,ns,0.983057851
34,34,BOC,0.1889,NPX,Day 1 1h,Day 1 6h,13,14,112,0.325,-0.1671,0.4635,Wilcoxon,two.sided,ns,0.983057851
170,170,GZMH,0.29515,NPX,Day 1 1h,Day 1 6h,13,14,112,0.325,-0.2284,1.0129,Wilcoxon,two.sided,ns,0.983057851
366,366,ZBTB17,0.2135,NPX,Day 1 1h,Day 1 6h,13,14,112,0.325,-0.3264,0.6931,Wilcoxon,two.sided,ns,0.983057851
149,149,FCN2,0.1258,NPX,Day 1 1h,Day 1 6h,14,14,120,0.329,-0.1869,0.4356,Wilcoxon,two.sided,ns,0.983057851
232,232,MSMB,0.29655,NPX,Day 1 1h,Day 1 6h,14,14,120,0.329,-0.282,0.8816,Wilcoxon,two.sided,ns,0.983057851
295,295,ROR1,0.078860548,NPX,Day 1 1h,Day 1 6h,13,13,104,0.33,-0.23178961,0.483868053,Wilcoxon,two.sided,ns,0.983057851
175,175,HSPB1,0.475,NPX,Day 1 1h,Day 1 6h,13,13,104,0.336,-0.8083,2.3988,Wilcoxon,two.sided,ns,0.983057851
209,209,LEP,0.7496,NPX,Day 1 1h,Day 1 6h,13,13,104,0.336,-0.7871,2.3014,Wilcoxon,two.sided,ns,0.983057851
287,287,RCOR1,0.1962,NPX,Day 1 1h,Day 1 6h,13,14,111,0.35,-0.2681,0.5474,Wilcoxon,two.sided,ns,0.983057851
352,352,TSPAN1,-0.0766,NPX,Day 1 1h,Day 1 6h,13,14,71,0.35,-0.2903,0.0823,Wilcoxon,two.sided,ns,0.983057851
56,56,CD209,0.2239,NPX,Day 1 1h,Day 1 6h,14,14,119,0.352,-0.282,0.6864,Wilcoxon,two.sided,ns,0.983057851
59,59,CD55,0.11605,NPX,Day 1 1h,Day 1 6h,14,14,119,0.352,-0.1348,0.3337,Wilcoxon,two.sided,ns,0.983057851
120,120,DLK1,0.10765,NPX,Day 1 1h,Day 1 6h,14,14,119,0.352,-0.1241,0.5641,Wilcoxon,two.sided,ns,0.983057851
161,161,GP1BA,0.09995,NPX,Day 1 1h,Day 1 6h,14,14,119,0.352,-0.1464,0.3771,Wilcoxon,two.sided,ns,0.983057851
202,202,KIT,0.16035,NPX,Day 1 1h,Day 1 6h,14,14,119,0.352,-0.1121,0.3537,Wilcoxon,two.sided,ns,0.983057851
259,259,PEAR1,0.09905,NPX,Day 1 1h,Day 1 6h,14,14,119,0.352,-0.0938,0.2923,Wilcoxon,two.sided,ns,0.983057851
286,286,RARRES2,0.19065,NPX,Day 1 1h,Day 1 6h,14,14,119,0.352,-0.307,0.6074,Wilcoxon,two.sided,ns,0.983057851
284,284,QDPR,0.3123,NPX,Day 1 1h,Day 1 6h,13,13,103,0.362,-0.3757,1.1925,Wilcoxon,two.sided,ns,0.983057851
180,180,ICAM2,0.116504505,NPX,Day 1 1h,Day 1 6h,14,14,118,0.37,-0.183649646,0.396390305,Wilcoxon,two.sided,ns,0.983057851
30,30,AXL,0.0946,NPX,Day 1 1h,Day 1 6h,14,14,118,0.376,-0.1115,0.3349,Wilcoxon,two.sided,ns,0.983057851
58,58,CD46,0.12275,NPX,Day 1 1h,Day 1 6h,14,14,118,0.376,-0.1499,0.3504,Wilcoxon,two.sided,ns,0.983057851
93,93,COMP,0.16115,NPX,Day 1 1h,Day 1 6h,14,14,118,0.376,-0.2085,0.4825,Wilcoxon,two.sided,ns,0.983057851
119,119,DKK3,0.2127,NPX,Day 1 1h,Day 1 6h,14,14,118,0.376,-0.2307,0.5885,Wilcoxon,two.sided,ns,0.983057851
129,129,EGFR,0.08625,NPX,Day 1 1h,Day 1 6h,14,14,118,0.376,-0.1248,0.2948,Wilcoxon,two.sided,ns,0.983057851
131,131,ENG,0.0948,NPX,Day 1 1h,Day 1 6h,14,14,118,0.376,-0.1236,0.294,Wilcoxon,two.sided,ns,0.983057851
140,140,FABP4,0.2335,NPX,Day 1 1h,Day 1 6h,14,14,118,0.376,-0.2608,0.7529,Wilcoxon,two.sided,ns,0.983057851
151,151,FETUB,0.07475,NPX,Day 1 1h,Day 1 6h,14,14,118,0.376,-0.2235,0.4229,Wilcoxon,two.sided,ns,0.983057851
178,178,HYOU1,0.0798,NPX,Day 1 1h,Day 1 6h,14,14,118,0.376,-0.091,0.2176,Wilcoxon,two.sided,ns,0.983057851
215,215,LILRB2,0.16145,NPX,Day 1 1h,Day 1 6h,14,14,118,0.376,-0.2023,0.4506,Wilcoxon,two.sided,ns,0.983057851
245,245,NRP1,0.12565,NPX,Day 1 1h,Day 1 6h,14,14,118,0.376,-0.1299,0.3226,Wilcoxon,two.sided,ns,0.983057851
292,292,RETN,0.14955,NPX,Day 1 1h,Day 1 6h,14,14,118,0.376,-0.2504,0.5719,Wilcoxon,two.sided,ns,0.983057851
74,74,CGREF1,0.0966,NPX,Day 1 1h,Day 1 6h,13,13,102,0.39,-0.3298,0.496,Wilcoxon,two.sided,ns,0.983057851
163,163,GPNMB,0.1064,NPX,Day 1 1h,Day 1 6h,13,13,102,0.39,-0.1643,0.3719,Wilcoxon,two.sided,ns,0.983057851
218,218,LRP11,0.1946,NPX,Day 1 1h,Day 1 6h,13,13,102,0.39,-0.2588,0.5517,Wilcoxon,two.sided,ns,0.983057851
257,257,PDGFRA,0.132,NPX,Day 1 1h,Day 1 6h,13,13,102,0.39,-0.2385,0.5517,Wilcoxon,two.sided,ns,0.983057851
278,278,PRSS27,0.1642,NPX,Day 1 1h,Day 1 6h,13,13,102,0.39,-0.1831,0.4601,Wilcoxon,two.sided,ns,0.983057851
7,7,ADA2,0.08335,NPX,Day 1 1h,Day 1 6h,14,14,117,0.401,-0.1509,0.3005,Wilcoxon,two.sided,ns,0.983057851
26,26,AOC3,0.107,NPX,Day 1 1h,Day 1 6h,14,14,117,0.401,-0.1531,0.3595,Wilcoxon,two.sided,ns,0.983057851
47,47,CCL14,0.1147,NPX,Day 1 1h,Day 1 6h,14,14,117,0.401,-0.2502,0.5377,Wilcoxon,two.sided,ns,0.983057851
50,50,CCL18,0.16885,NPX,Day 1 1h,Day 1 6h,14,14,117,0.401,-0.2949,0.6594,Wilcoxon,two.sided,ns,0.983057851
192,192,IL1RL1,-0.07965,NPX,Day 1 1h,Day 1 6h,14,14,79,0.401,-0.4192,0.2078,Wilcoxon,two.sided,ns,0.983057851
201,201,ITIH3,0.207,NPX,Day 1 1h,Day 1 6h,14,14,117,0.401,-0.1863,0.5271,Wilcoxon,two.sided,ns,0.983057851
336,336,THBS4,0.1682,NPX,Day 1 1h,Day 1 6h,14,14,117,0.401,-0.2468,0.5681,Wilcoxon,two.sided,ns,0.983057851
121,121,DNAJB8,0.0607,NPX,Day 1 1h,Day 1 6h,13,14,109,0.402,-0.1174,0.2646,Wilcoxon,two.sided,ns,0.983057851
3,3,ACOX1,0.2264,NPX,Day 1 1h,Day 1 6h,13,13,101,0.418,-0.3274,0.753,Wilcoxon,two.sided,ns,0.983057851
115,115,DCTPP1,0.1207,NPX,Day 1 1h,Day 1 6h,13,13,101,0.418,-0.2114,0.5854,Wilcoxon,two.sided,ns,0.983057851
8,8,ADAM15,0.078911316,NPX,Day 1 1h,Day 1 6h,13,14,108,0.423,-0.307941791,0.407729722,Wilcoxon,two.sided,ns,0.983057851
77,77,CHIT1,0.29145,NPX,Day 1 1h,Day 1 6h,14,14,116,0.427,-0.6349,1.1629,Wilcoxon,two.sided,ns,0.983057851
103,103,CST6,0.1673,NPX,Day 1 1h,Day 1 6h,14,14,116,0.427,-0.2529,0.5799,Wilcoxon,two.sided,ns,0.983057851
117,117,DEFA1_DEFA1B,0.1821,NPX,Day 1 1h,Day 1 6h,14,14,116,0.427,-0.4834,0.7996,Wilcoxon,two.sided,ns,0.983057851
249,249,OSMR,0.09225,NPX,Day 1 1h,Day 1 6h,14,14,116,0.427,-0.1613,0.3343,Wilcoxon,two.sided,ns,0.983057851
282,282,PTPRF,0.1481,NPX,Day 1 1h,Day 1 6h,14,14,116,0.427,-0.1345,0.4031,Wilcoxon,two.sided,ns,0.983057851
229,229,MMP7,0.16845,NPX,Day 1 1h,Day 1 6h,13,14,108,0.43,-0.2316,0.585,Wilcoxon,two.sided,ns,0.983057851
360,360,VIM,0.2723,NPX,Day 1 1h,Day 1 6h,13,14,108,0.43,-0.4166,1.0375,Wilcoxon,two.sided,ns,0.983057851
25,25,ANXA4,0.2855,NPX,Day 1 1h,Day 1 6h,13,13,100,0.448,-0.4002,1.1015,Wilcoxon,two.sided,ns,0.983057851
51,51,CCL27,0.1678,NPX,Day 1 1h,Day 1 6h,13,13,100,0.448,-0.3993,0.5712,Wilcoxon,two.sided,ns,0.983057851
132,132,ENPP2,0.0917,NPX,Day 1 1h,Day 1 6h,14,14,115,0.454,-0.127,0.3206,Wilcoxon,two.sided,ns,0.983057851
251,251,PAM,0.14685,NPX,Day 1 1h,Day 1 6h,14,14,115,0.454,-0.1629,0.4282,Wilcoxon,two.sided,ns,0.983057851
330,330,TFPI,0.08615,NPX,Day 1 1h,Day 1 6h,14,14,115,0.454,-0.1755,0.3298,Wilcoxon,two.sided,ns,0.983057851
358,358,VASN,0.07955,NPX,Day 1 1h,Day 1 6h,14,14,115,0.454,-0.1144,0.3056,Wilcoxon,two.sided,ns,0.983057851
359,359,VCAM1,0.12355,NPX,Day 1 1h,Day 1 6h,14,14,115,0.454,-0.1999,0.3834,Wilcoxon,two.sided,ns,0.983057851
87,87,CNST,-0.580973559,NPX,Day 1 1h,Day 1 6h,13,13,69.5,0.457,-1.551595793,0.654596926,Wilcoxon,two.sided,ns,0.983057851
94,94,COMT,0.3936,NPX,Day 1 1h,Day 1 6h,13,14,107,0.458,-0.4762,1.5671,Wilcoxon,two.sided,ns,0.983057851
339,339,TIA1,0.31525,NPX,Day 1 1h,Day 1 6h,13,14,107,0.458,-0.4857,1.2215,Wilcoxon,two.sided,ns,0.983057851
182,182,ICAM5,0.1089,NPX,Day 1 1h,Day 1 6h,13,13,99,0.479,-0.2966,0.5109,Wilcoxon,two.sided,ns,0.983057851
188,188,IGFBPL1,0.0823,NPX,Day 1 1h,Day 1 6h,13,13,99,0.479,-0.3194,0.4371,Wilcoxon,two.sided,ns,0.983057851
204,204,KYAT1,0.3001,NPX,Day 1 1h,Day 1 6h,13,13,99,0.479,-0.5774,1.5219,Wilcoxon,two.sided,ns,0.983057851
20,20,AMY2B,0.1105,NPX,Day 1 1h,Day 1 6h,14,14,114,0.482,-0.2425,0.4559,Wilcoxon,two.sided,ns,0.983057851
168,168,GUSB,0.09485,NPX,Day 1 1h,Day 1 6h,14,14,114,0.482,-0.419,0.5716,Wilcoxon,two.sided,ns,0.983057851
176,176,HSPG2,0.1297,NPX,Day 1 1h,Day 1 6h,14,14,114,0.482,-0.2117,0.5019,Wilcoxon,two.sided,ns,0.983057851
179,179,ICAM1,0.0676,NPX,Day 1 1h,Day 1 6h,14,14,114,0.482,-0.1428,0.3599,Wilcoxon,two.sided,ns,0.983057851
301,301,SELE,0.0988,NPX,Day 1 1h,Day 1 6h,14,14,114,0.482,-0.3443,0.4677,Wilcoxon,two.sided,ns,0.983057851
323,323,ST6GAL1,0.12225,NPX,Day 1 1h,Day 1 6h,14,14,114,0.482,-0.2288,0.5363,Wilcoxon,two.sided,ns,0.983057851
126,126,DUOX2,-0.2532,NPX,Day 1 1h,Day 1 6h,13,14,76,0.488,-0.9767,0.3398,Wilcoxon,two.sided,ns,0.983057851
233,233,MSTN,0.1624,NPX,Day 1 1h,Day 1 6h,13,14,106,0.488,-0.2941,0.5762,Wilcoxon,two.sided,ns,0.983057851
354,354,TYRO3,0.104314987,NPX,Day 1 1h,Day 1 6h,13,13,98,0.505,-0.285482704,0.44069983,Wilcoxon,two.sided,ns,0.983057851
64,64,CDH17,-0.1642,NPX,Day 1 1h,Day 1 6h,13,13,71,0.511,-0.7239,0.2977,Wilcoxon,two.sided,ns,0.983057851
107,107,CTSD,0.0825,NPX,Day 1 1h,Day 1 6h,14,14,113,0.511,-0.134,0.2492,Wilcoxon,two.sided,ns,0.983057851
181,181,ICAM3,0.08605,NPX,Day 1 1h,Day 1 6h,14,14,113,0.511,-0.219,0.4051,Wilcoxon,two.sided,ns,0.983057851
195,195,IL6R,0.08755,NPX,Day 1 1h,Day 1 6h,14,14,113,0.511,-0.2167,0.4681,Wilcoxon,two.sided,ns,0.983057851
206,206,LBP,0.3262,NPX,Day 1 1h,Day 1 6h,14,14,113,0.511,-0.4928,1.0539,Wilcoxon,two.sided,ns,0.983057851
207,207,LCN2,0.121,NPX,Day 1 1h,Day 1 6h,14,14,113,0.511,-0.3293,0.6662,Wilcoxon,two.sided,ns,0.983057851
230,230,MNDA,-0.5224,NPX,Day 1 1h,Day 1 6h,13,13,71,0.511,-1.9059,1.1498,Wilcoxon,two.sided,ns,0.983057851
248,248,OLR1,-0.1008,NPX,Day 1 1h,Day 1 6h,13,13,71,0.511,-0.9675,0.5738,Wilcoxon,two.sided,ns,0.983057851
269,269,PLXNB3,0.0965,NPX,Day 1 1h,Day 1 6h,13,13,98,0.511,-0.2387,0.4065,Wilcoxon,two.sided,ns,0.983057851
365,365,XG,0.19095,NPX,Day 1 1h,Day 1 6h,14,14,113,0.511,-0.2569,0.539,Wilcoxon,two.sided,ns,0.983057851
99,99,CRHR1,0.2117,NPX,Day 1 1h,Day 1 6h,13,14,105,0.519,-0.3817,0.799,Wilcoxon,two.sided,ns,0.983057851
166,166,GRK5,-0.243,NPX,Day 1 1h,Day 1 6h,13,14,77,0.519,-0.8342,0.3318,Wilcoxon,two.sided,ns,0.983057851
231,231,MPHOSPH8,0.18045,NPX,Day 1 1h,Day 1 6h,13,14,105,0.519,-0.5807,1.0294,Wilcoxon,two.sided,ns,0.983057851
18,18,ALCAM,0.0939,NPX,Day 1 1h,Day 1 6h,14,14,112,0.541,-0.1772,0.3815,Wilcoxon,two.sided,ns,0.983057851
106,106,CTSB,0.14565,NPX,Day 1 1h,Day 1 6h,14,14,112,0.541,-0.2789,0.4794,Wilcoxon,two.sided,ns,0.983057851
147,147,FCGR2A,0.1223,NPX,Day 1 1h,Day 1 6h,14,14,112,0.541,-0.426,0.5561,Wilcoxon,two.sided,ns,0.983057851
226,226,MET,0.0611,NPX,Day 1 1h,Day 1 6h,14,14,112,0.541,-0.1715,0.3081,Wilcoxon,two.sided,ns,0.983057851
344,344,TNC,0.12755,NPX,Day 1 1h,Day 1 6h,14,14,112,0.541,-0.3007,0.4191,Wilcoxon,two.sided,ns,0.983057851
14,14,AGXT,0.1988,NPX,Day 1 1h,Day 1 6h,13,13,97,0.545,-0.4821,0.8576,Wilcoxon,two.sided,ns,0.983057851
27,27,APLP1,0.271,NPX,Day 1 1h,Day 1 6h,13,13,97,0.545,-0.707,1.1832,Wilcoxon,two.sided,ns,0.983057851
189,189,IGSF8,0.0734,NPX,Day 1 1h,Day 1 6h,13,13,97,0.545,-0.2202,0.296,Wilcoxon,two.sided,ns,0.983057851
225,225,MEP1B,0.1091,NPX,Day 1 1h,Day 1 6h,13,13,97,0.545,-0.2995,0.5688,Wilcoxon,two.sided,ns,0.983057851
197,197,IRAG2,0.29415,NPX,Day 1 1h,Day 1 6h,13,14,104,0.55,-0.5179,1.1904,Wilcoxon,two.sided,ns,0.983057851
11,11,ADGRE5,0.0987,NPX,Day 1 1h,Day 1 6h,14,14,111,0.571,-0.2778,0.4395,Wilcoxon,two.sided,ns,0.983057851
28,28,APOM,0.07215,NPX,Day 1 1h,Day 1 6h,14,14,111,0.571,-0.2011,0.3323,Wilcoxon,two.sided,ns,0.983057851
62,62,CD93,0.0771,NPX,Day 1 1h,Day 1 6h,14,14,111,0.571,-0.2103,0.3931,Wilcoxon,two.sided,ns,0.983057851
78,78,CHL1,0.0922,NPX,Day 1 1h,Day 1 6h,14,14,111,0.571,-0.3066,0.3991,Wilcoxon,two.sided,ns,0.983057851
190,190,IL18BP,0.0699,NPX,Day 1 1h,Day 1 6h,14,14,111,0.571,-0.2969,0.2777,Wilcoxon,two.sided,ns,0.983057851
222,222,MCAM,0.1586,NPX,Day 1 1h,Day 1 6h,14,14,111,0.571,-0.199,0.5004,Wilcoxon,two.sided,ns,0.983057851
302,302,SELP,0.07835,NPX,Day 1 1h,Day 1 6h,14,14,111,0.571,-0.222,0.4014,Wilcoxon,two.sided,ns,0.983057851
68,68,CDHR5,0.081,NPX,Day 1 1h,Day 1 6h,13,13,96,0.579,-0.3269,0.4639,Wilcoxon,two.sided,ns,0.983057851
79,79,CHRDL2,0.1402,NPX,Day 1 1h,Day 1 6h,13,13,96,0.579,-0.2852,0.6212,Wilcoxon,two.sided,ns,0.983057851
142,142,FADD,0.2446,NPX,Day 1 1h,Day 1 6h,13,13,96,0.579,-0.7131,1.5165,Wilcoxon,two.sided,ns,0.983057851
157,157,GH1,0.4381,NPX,Day 1 1h,Day 1 6h,13,13,96,0.579,-1.2484,2.3055,Wilcoxon,two.sided,ns,0.983057851
173,173,HMOX1,-0.0627,NPX,Day 1 1h,Day 1 6h,13,13,73,0.579,-0.3291,0.2356,Wilcoxon,two.sided,ns,0.983057851
83,83,CLTA,-0.1309,NPX,Day 1 1h,Day 1 6h,13,14,79,0.583,-0.5654,0.4285,Wilcoxon,two.sided,ns,0.983057851
105,105,CTF1,0.19945,NPX,Day 1 1h,Day 1 6h,13,14,103,0.583,-0.5012,0.7276,Wilcoxon,two.sided,ns,0.983057851
19,19,AMY2A,0.08505,NPX,Day 1 1h,Day 1 6h,14,14,110,0.603,-0.2463,0.3668,Wilcoxon,two.sided,ns,0.983057851
35,35,BPIFB1,0.1264,NPX,Day 1 1h,Day 1 6h,14,14,110,0.603,-0.5765,0.7769,Wilcoxon,two.sided,ns,0.983057851
55,55,CD163,0.05945,NPX,Day 1 1h,Day 1 6h,14,14,110,0.603,-0.2913,0.3777,Wilcoxon,two.sided,ns,0.983057851
239,239,NOTCH1,0.08675,NPX,Day 1 1h,Day 1 6h,14,14,110,0.603,-0.1573,0.3572,Wilcoxon,two.sided,ns,0.983057851
274,274,PRCP,0.0507,NPX,Day 1 1h,Day 1 6h,14,14,110,0.603,-0.1813,0.3511,Wilcoxon,two.sided,ns,0.983057851
294,294,RNASET2,0.07765,NPX,Day 1 1h,Day 1 6h,14,14,110,0.603,-0.1514,0.309,Wilcoxon,two.sided,ns,0.983057851
331,331,TFRC,-0.05215,NPX,Day 1 1h,Day 1 6h,14,14,86,0.603,-0.3321,0.249,Wilcoxon,two.sided,ns,0.983057851
341,341,TIMD4,0.07595,NPX,Day 1 1h,Day 1 6h,14,14,110,0.603,-0.2536,0.4356,Wilcoxon,two.sided,ns,0.983057851
346,346,TNFRSF10C,0.1164,NPX,Day 1 1h,Day 1 6h,14,14,110,0.603,-0.3412,0.5039,Wilcoxon,two.sided,ns,0.983057851
185,185,IGFBP3,0.080652074,NPX,Day 1 1h,Day 1 6h,14,14,109.5,0.613,-0.252452478,0.448885092,Wilcoxon,two.sided,ns,0.983057851
130,130,EIF4EBP1,0.2973,NPX,Day 1 1h,Day 1 6h,13,13,95,0.614,-0.8717,1.3971,Wilcoxon,two.sided,ns,0.983057851
155,155,GDF2,0.1405,NPX,Day 1 1h,Day 1 6h,13,13,95,0.614,-0.2559,0.5589,Wilcoxon,two.sided,ns,0.983057851
325,325,STK4,0.1597,NPX,Day 1 1h,Day 1 6h,13,13,95,0.614,-0.523,0.761,Wilcoxon,two.sided,ns,0.983057851
343,343,TINAGL1,0.0779,NPX,Day 1 1h,Day 1 6h,13,13,95,0.614,-0.1518,0.3151,Wilcoxon,two.sided,ns,0.983057851
52,52,CCL5,0.18985,NPX,Day 1 1h,Day 1 6h,14,14,109,0.635,-1.007,1.5515,Wilcoxon,two.sided,ns,0.983057851
152,152,FUCA1,0.15935,NPX,Day 1 1h,Day 1 6h,14,14,109,0.635,-0.4638,0.749,Wilcoxon,two.sided,ns,0.983057851
263,263,PLA2G2A,0.1404,NPX,Day 1 1h,Day 1 6h,14,14,109,0.635,-0.6112,0.9415,Wilcoxon,two.sided,ns,0.983057851
267,267,PLTP,0.03645,NPX,Day 1 1h,Day 1 6h,14,14,109,0.635,-0.2457,0.3514,Wilcoxon,two.sided,ns,0.983057851
304,304,SEMA7A,0.0417,NPX,Day 1 1h,Day 1 6h,14,14,109,0.635,-0.1378,0.2624,Wilcoxon,two.sided,ns,0.983057851
363,363,VWF,0.21335,NPX,Day 1 1h,Day 1 6h,14,14,109,0.635,-0.7386,1.2255,Wilcoxon,two.sided,ns,0.983057851
17,17,AKR1C4,0.144,NPX,Day 1 1h,Day 1 6h,13,14,101,0.65,-0.4362,0.6608,Wilcoxon,two.sided,ns,0.983057851
61,61,CD69,-0.2417,NPX,Day 1 1h,Day 1 6h,13,13,75,0.65,-1.3443,0.9373,Wilcoxon,two.sided,ns,0.983057851
109,109,CTSL,0.0611,NPX,Day 1 1h,Day 1 6h,13,13,94,0.65,-0.2685,0.4043,Wilcoxon,two.sided,ns,0.983057851
160,160,GLRX,0.2178,NPX,Day 1 1h,Day 1 6h,13,13,94,0.65,-0.7751,1.4269,Wilcoxon,two.sided,ns,0.983057851
191,191,IL19,0.1333,NPX,Day 1 1h,Day 1 6h,13,13,94,0.65,-0.3706,0.6975,Wilcoxon,two.sided,ns,0.983057851
297,297,S100P,0.07215,NPX,Day 1 1h,Day 1 6h,13,14,101,0.65,-0.5224,0.5363,Wilcoxon,two.sided,ns,0.983057851
309,309,SFTPD,0.1225,NPX,Day 1 1h,Day 1 6h,13,13,94,0.65,-0.4555,1.1062,Wilcoxon,two.sided,ns,0.983057851
324,324,STK11,0.2253,NPX,Day 1 1h,Day 1 6h,13,14,101,0.65,-0.6701,1.3898,Wilcoxon,two.sided,ns,0.983057851
337,337,THOP1,0.1003,NPX,Day 1 1h,Day 1 6h,13,13,94,0.65,-0.2858,0.6686,Wilcoxon,two.sided,ns,0.983057851
36,36,C1QTNF1,0.11925,NPX,Day 1 1h,Day 1 6h,14,14,108,0.667,-0.4378,0.6123,Wilcoxon,two.sided,ns,0.992365854
54,54,CD14,0.08225,NPX,Day 1 1h,Day 1 6h,14,14,108,0.667,-0.3206,0.5292,Wilcoxon,two.sided,ns,0.992365854
272,272,PPIB,0.1488,NPX,Day 1 1h,Day 1 6h,14,14,108,0.667,-0.6863,0.7505,Wilcoxon,two.sided,ns,0.992365854
347,347,TNFSF13B,0.05115,NPX,Day 1 1h,Day 1 6h,14,14,108,0.667,-0.1703,0.254,Wilcoxon,two.sided,ns,0.992365854
32,32,BAG6,0.05875,NPX,Day 1 1h,Day 1 6h,13,14,100,0.685,-0.425,0.6441,Wilcoxon,two.sided,ns,0.993841897
72,72,CEP43,0.21795,NPX,Day 1 1h,Day 1 6h,13,14,100,0.685,-0.9144,1.0616,Wilcoxon,two.sided,ns,0.993841897
108,108,CTSH,0.06815,NPX,Day 1 1h,Day 1 6h,13,14,100,0.685,-0.3642,0.5008,Wilcoxon,two.sided,ns,0.993841897
235,235,NADK,-0.1811,NPX,Day 1 1h,Day 1 6h,13,13,76,0.687,-0.9411,0.5122,Wilcoxon,two.sided,ns,0.993841897
252,252,PCDH17,0.1147,NPX,Day 1 1h,Day 1 6h,13,13,93,0.687,-0.2116,0.4343,Wilcoxon,two.sided,ns,0.993841897
266,266,PLPBP,0.4017,NPX,Day 1 1h,Day 1 6h,13,13,93,0.687,-0.8247,1.7475,Wilcoxon,two.sided,ns,0.993841897
316,316,SORT1,-0.0175,NPX,Day 1 1h,Day 1 6h,13,13,76,0.687,-0.2777,0.204,Wilcoxon,two.sided,ns,0.993841897
88,88,CNTN1,0.0436,NPX,Day 1 1h,Day 1 6h,14,14,107,0.701,-0.1855,0.307,Wilcoxon,two.sided,ns,0.995354108
138,138,F9,0.0361,NPX,Day 1 1h,Day 1 6h,14,14,107,0.701,-0.1723,0.2963,Wilcoxon,two.sided,ns,0.995354108
148,148,FCGR3B,0.05645,NPX,Day 1 1h,Day 1 6h,14,14,107,0.701,-0.4878,0.6213,Wilcoxon,two.sided,ns,0.995354108
214,214,LILRB1,0.08205,NPX,Day 1 1h,Day 1 6h,14,14,107,0.701,-0.183,0.3917,Wilcoxon,two.sided,ns,0.995354108
2,2,ACE2,0.1036,NPX,Day 1 1h,Day 1 6h,13,14,99,0.72,-0.2799,0.4585,Wilcoxon,two.sided,ns,0.995354108
338,338,THPO,0.0643,NPX,Day 1 1h,Day 1 6h,13,14,99,0.72,-0.2953,0.3994,Wilcoxon,two.sided,ns,0.995354108
351,351,TSLP,-0.1196,NPX,Day 1 1h,Day 1 6h,13,14,83,0.72,-0.8074,0.4445,Wilcoxon,two.sided,ns,0.995354108
39,39,CA13,-0.2304,NPX,Day 1 1h,Day 1 6h,13,13,77,0.724,-1.6376,1.2849,Wilcoxon,two.sided,ns,0.995354108
112,112,CXCL5,-0.2962,NPX,Day 1 1h,Day 1 6h,13,13,77,0.724,-1.9186,1.438,Wilcoxon,two.sided,ns,0.995354108
237,237,NECTIN2,0.0996,NPX,Day 1 1h,Day 1 6h,13,13,92,0.724,-0.2692,0.4873,Wilcoxon,two.sided,ns,0.995354108
246,246,NTRK2,0.0645,NPX,Day 1 1h,Day 1 6h,13,13,92,0.724,-0.2954,0.2743,Wilcoxon,two.sided,ns,0.995354108
38,38,CA1,-0.13355,NPX,Day 1 1h,Day 1 6h,14,14,90,0.734,-1.0679,1.0764,Wilcoxon,two.sided,ns,0.995354108
85,85,CNDP1,0.09405,NPX,Day 1 1h,Day 1 6h,14,14,106,0.734,-0.5166,0.7528,Wilcoxon,two.sided,ns,0.995354108
216,216,LILRB5,0.0807,NPX,Day 1 1h,Day 1 6h,14,14,106,0.734,-0.2497,0.3933,Wilcoxon,two.sided,ns,0.995354108
290,290,REG3A,0.0618,NPX,Day 1 1h,Day 1 6h,14,14,106,0.734,-0.5776,0.5857,Wilcoxon,two.sided,ns,0.995354108
70,70,CEBPB,0.0817,NPX,Day 1 1h,Day 1 6h,13,14,98,0.756,-0.5025,0.8223,Wilcoxon,two.sided,ns,0.995354108
134,134,ENTPD6,0.08335,NPX,Day 1 1h,Day 1 6h,13,14,98,0.756,-0.2339,0.4021,Wilcoxon,two.sided,ns,0.995354108
356,356,USP8,0.13815,NPX,Day 1 1h,Day 1 6h,13,14,98,0.756,-1.0384,1.8631,Wilcoxon,two.sided,ns,0.995354108
357,357,VAMP5,0.09415,NPX,Day 1 1h,Day 1 6h,13,14,98,0.756,-0.4494,0.6112,Wilcoxon,two.sided,ns,0.995354108
261,261,PILRB,0.066361591,NPX,Day 1 1h,Day 1 6h,13,13,91,0.758,-0.322856537,0.590240455,Wilcoxon,two.sided,ns,0.995354108
65,65,CDH2,0.0728,NPX,Day 1 1h,Day 1 6h,13,13,91,0.762,-0.3166,0.4373,Wilcoxon,two.sided,ns,0.995354108
205,205,LACTB2,0.1404,NPX,Day 1 1h,Day 1 6h,13,13,91,0.762,-0.6976,1.3839,Wilcoxon,two.sided,ns,0.995354108
273,273,PPP1R2,0.1525,NPX,Day 1 1h,Day 1 6h,13,13,91,0.762,-0.6631,1.0947,Wilcoxon,two.sided,ns,0.995354108
44,44,CASP3,0.27395,NPX,Day 1 1h,Day 1 6h,14,14,105,0.769,-0.9351,1.863,Wilcoxon,two.sided,ns,0.995354108
200,200,ITGB2,0.1143,NPX,Day 1 1h,Day 1 6h,14,14,105,0.769,-0.3626,0.4897,Wilcoxon,two.sided,ns,0.995354108
208,208,LDLR,0.10635,NPX,Day 1 1h,Day 1 6h,14,14,105,0.769,-0.4872,0.6882,Wilcoxon,two.sided,ns,0.995354108
355,355,UMOD,0.0589,NPX,Day 1 1h,Day 1 6h,14,14,105,0.769,-0.5048,0.6521,Wilcoxon,two.sided,ns,0.995354108
86,86,CNPY2,0.04805,NPX,Day 1 1h,Day 1 6h,13,14,97,0.793,-0.4672,0.4415,Wilcoxon,two.sided,ns,0.995354108
101,101,CRX,-0.14185,NPX,Day 1 1h,Day 1 6h,13,14,85,0.793,-1.8053,1.2511,Wilcoxon,two.sided,ns,0.995354108
127,127,EDIL3,0.08255,NPX,Day 1 1h,Day 1 6h,13,14,97,0.793,-0.4655,0.4669,Wilcoxon,two.sided,ns,0.995354108
162,162,GP2,-0.08895,NPX,Day 1 1h,Day 1 6h,13,14,85,0.793,-0.8137,0.5392,Wilcoxon,two.sided,ns,0.995354108
213,213,LILRA5,-0.0467,NPX,Day 1 1h,Day 1 6h,13,13,79,0.801,-0.429,0.295,Wilcoxon,two.sided,ns,0.995354108
291,291,REN,-0.0661,NPX,Day 1 1h,Day 1 6h,13,13,79,0.801,-0.7025,0.4408,Wilcoxon,two.sided,ns,0.995354108
313,313,SNAP23,-0.3169,NPX,Day 1 1h,Day 1 6h,13,13,79,0.801,-1.6501,1.3772,Wilcoxon,two.sided,ns,0.995354108
321,321,SSC4D,0.0802,NPX,Day 1 1h,Day 1 6h,13,13,90,0.801,-0.8785,1.0166,Wilcoxon,two.sided,ns,0.995354108
353,353,TYMP,0.0534,NPX,Day 1 1h,Day 1 6h,13,13,90,0.801,-0.4492,0.4163,Wilcoxon,two.sided,ns,0.995354108
198,198,ITGB1,0.04755,NPX,Day 1 1h,Day 1 6h,14,14,104,0.804,-0.264,0.334,Wilcoxon,two.sided,ns,0.995354108
311,311,SIRPA,0.0446,NPX,Day 1 1h,Day 1 6h,14,14,104,0.804,-0.2408,0.3494,Wilcoxon,two.sided,ns,0.995354108
81,81,CLEC1A,0.04465,NPX,Day 1 1h,Day 1 6h,13,14,96,0.83,-0.1809,0.31,Wilcoxon,two.sided,ns,0.995354108
174,174,HNRNPK,0.1609,NPX,Day 1 1h,Day 1 6h,13,14,96,0.83,-1.401,2.3089,Wilcoxon,two.sided,ns,0.995354108
227,227,MFAP3,0.03855,NPX,Day 1 1h,Day 1 6h,13,14,96,0.83,-0.4562,0.6015,Wilcoxon,two.sided,ns,0.995354108
312,312,SLITRK6,0.0759,NPX,Day 1 1h,Day 1 6h,13,14,96,0.83,-0.3175,0.4454,Wilcoxon,two.sided,ns,0.995354108
362,362,VSTM2L,0.1326,NPX,Day 1 1h,Day 1 6h,13,14,96,0.83,-0.8303,0.9152,Wilcoxon,two.sided,ns,0.995354108
37,37,C2,0.0215,NPX,Day 1 1h,Day 1 6h,14,14,103,0.839,-0.2708,0.3834,Wilcoxon,two.sided,ns,0.995354108
73,73,CES1,0.0396,NPX,Day 1 1h,Day 1 6h,14,14,103,0.839,-0.5845,0.6352,Wilcoxon,two.sided,ns,0.995354108
100,100,CRTAC1,0.04355,NPX,Day 1 1h,Day 1 6h,14,14,103,0.839,-0.3479,0.4253,Wilcoxon,two.sided,ns,0.995354108
277,277,PRSS2,0.0643,NPX,Day 1 1h,Day 1 6h,14,14,103,0.839,-0.2628,0.4626,Wilcoxon,two.sided,ns,0.995354108
289,289,REG1B,0.08105,NPX,Day 1 1h,Day 1 6h,14,14,103,0.839,-0.5854,0.6544,Wilcoxon,two.sided,ns,0.995354108
6,6,ACY1,0.0803,NPX,Day 1 1h,Day 1 6h,13,13,89,0.84,-0.5234,0.6159,Wilcoxon,two.sided,ns,0.995354108
84,84,CLUL1,-0.0593,NPX,Day 1 1h,Day 1 6h,13,13,80,0.84,-0.5508,0.5597,Wilcoxon,two.sided,ns,0.995354108
210,210,LEPR,-0.046,NPX,Day 1 1h,Day 1 6h,13,13,80,0.84,-0.5214,0.3931,Wilcoxon,two.sided,ns,0.995354108
293,293,RNASE3,-0.224,NPX,Day 1 1h,Day 1 6h,13,13,80,0.84,-1.4068,2.0091,Wilcoxon,two.sided,ns,0.995354108
169,169,GYS1,0.07845,NPX,Day 1 1h,Day 1 6h,13,14,95,0.867,-1.6107,1.7405,Wilcoxon,two.sided,ns,0.995354108
327,327,TCL1B,0.0367,NPX,Day 1 1h,Day 1 6h,13,14,95,0.867,-0.508,0.7341,Wilcoxon,two.sided,ns,0.995354108
40,40,CA3,-0.04965,NPX,Day 1 1h,Day 1 6h,14,14,94,0.874,-0.7682,0.7655,Wilcoxon,two.sided,ns,0.995354108
71,71,CELA3A,-0.05465,NPX,Day 1 1h,Day 1 6h,14,14,94,0.874,-0.4568,0.4722,Wilcoxon,two.sided,ns,0.995354108
90,90,COL1A1,-0.0155,NPX,Day 1 1h,Day 1 6h,14,14,94,0.874,-0.1622,0.111,Wilcoxon,two.sided,ns,0.995354108
256,256,PDGFA,0.1007,NPX,Day 1 1h,Day 1 6h,14,14,102,0.874,-0.7116,0.7609,Wilcoxon,two.sided,ns,0.995354108
82,82,CLEC5A,0.0129,NPX,Day 1 1h,Day 1 6h,13,13,88,0.88,-0.3758,0.3978,Wilcoxon,two.sided,ns,0.995354108
91,91,COL4A1,0.091,NPX,Day 1 1h,Day 1 6h,13,13,88,0.88,-0.2836,0.518,Wilcoxon,two.sided,ns,0.995354108
118,118,DIABLO,0.0482,NPX,Day 1 1h,Day 1 6h,13,13,88,0.88,-1.1357,1.7063,Wilcoxon,two.sided,ns,0.995354108
244,244,NRCAM,-0.0424,NPX,Day 1 1h,Day 1 6h,13,13,81,0.88,-0.2725,0.2161,Wilcoxon,two.sided,ns,0.995354108
5,5,ACTA2,-0.0657,NPX,Day 1 1h,Day 1 6h,13,14,88,0.905,-0.4352,0.2823,Wilcoxon,two.sided,ns,0.995354108
159,159,GLO1,0.1271,NPX,Day 1 1h,Day 1 6h,13,14,94,0.905,-0.996,1.2368,Wilcoxon,two.sided,ns,0.995354108
250,250,PAG1,-0.06265,NPX,Day 1 1h,Day 1 6h,13,14,88,0.905,-0.4901,0.4808,Wilcoxon,two.sided,ns,0.995354108
348,348,TNNI3,-0.096,NPX,Day 1 1h,Day 1 6h,13,14,88,0.905,-3.6979,2.6437,Wilcoxon,two.sided,ns,0.995354108
364,364,WASF1,-0.0623,NPX,Day 1 1h,Day 1 6h,13,14,88,0.905,-0.7815,0.8737,Wilcoxon,two.sided,ns,0.995354108
95,95,CORO1A,0.1061,NPX,Day 1 1h,Day 1 6h,14,14,101,0.91,-0.5943,1.0368,Wilcoxon,two.sided,ns,0.995354108
96,96,CPA1,0.02015,NPX,Day 1 1h,Day 1 6h,14,14,101,0.91,-0.4917,0.4838,Wilcoxon,two.sided,ns,0.995354108
111,111,CXCL16,0.0173,NPX,Day 1 1h,Day 1 6h,14,14,101,0.91,-0.324,0.3501,Wilcoxon,two.sided,ns,0.995354108
288,288,REG1A,0.0343,NPX,Day 1 1h,Day 1 6h,14,14,101,0.91,-0.3939,0.4218,Wilcoxon,two.sided,ns,0.995354108
328,328,TCN2,-0.02685,NPX,Day 1 1h,Day 1 6h,14,14,95,0.91,-0.3642,0.3778,Wilcoxon,two.sided,ns,0.995354108
12,12,ADGRG2,-0.0152,NPX,Day 1 1h,Day 1 6h,13,13,82,0.92,-0.3255,0.2951,Wilcoxon,two.sided,ns,0.995354108
15,15,AHCY,0.0715,NPX,Day 1 1h,Day 1 6h,13,13,87,0.92,-0.7453,1.0908,Wilcoxon,two.sided,ns,0.995354108
16,16,AK1,0.0824,NPX,Day 1 1h,Day 1 6h,13,13,87,0.92,-0.9649,1.198,Wilcoxon,two.sided,ns,0.995354108
57,57,CD2AP,0.1232,NPX,Day 1 1h,Day 1 6h,13,13,87,0.92,-1.0256,1.2809,Wilcoxon,two.sided,ns,0.995354108
122,122,DOK2,-0.0509,NPX,Day 1 1h,Day 1 6h,13,13,82,0.92,-0.9283,0.7046,Wilcoxon,two.sided,ns,0.995354108
124,124,DPP7,0.0691,NPX,Day 1 1h,Day 1 6h,13,13,87,0.92,-0.7893,0.5611,Wilcoxon,two.sided,ns,0.995354108
217,217,LPL,0.0341,NPX,Day 1 1h,Day 1 6h,13,13,87,0.92,-0.6751,0.5029,Wilcoxon,two.sided,ns,0.995354108
220,220,MARCO,-0.0082,NPX,Day 1 1h,Day 1 6h,13,13,82,0.92,-0.2204,0.1826,Wilcoxon,two.sided,ns,0.995354108
255,255,PDCD6,0.0277,NPX,Day 1 1h,Day 1 6h,13,13,87,0.92,-0.4752,0.5855,Wilcoxon,two.sided,ns,0.995354108
270,270,PM20D1,0.1897,NPX,Day 1 1h,Day 1 6h,13,13,87,0.92,-2.085,2.53,Wilcoxon,two.sided,ns,0.995354108
275,275,PRKAR1A,-0.0649,NPX,Day 1 1h,Day 1 6h,13,13,82,0.92,-1.2493,1.8189,Wilcoxon,two.sided,ns,0.995354108
300,300,SDC4,-0.0356,NPX,Day 1 1h,Day 1 6h,13,13,82,0.92,-1.0107,0.9572,Wilcoxon,two.sided,ns,0.995354108
314,314,SNX9,0.0114,NPX,Day 1 1h,Day 1 6h,13,13,87,0.92,-0.5509,1.1634,Wilcoxon,two.sided,ns,0.995354108
114,114,DCN,0.01995,NPX,Day 1 1h,Day 1 6h,13,14,93,0.943,-0.2664,0.2591,Wilcoxon,two.sided,ns,0.995354108
164,164,GPR37,0.0564,NPX,Day 1 1h,Day 1 6h,13,14,93,0.943,-0.5463,0.701,Wilcoxon,two.sided,ns,0.995354108
345,345,TNF,0.05645,NPX,Day 1 1h,Day 1 6h,13,14,93,0.943,-0.9305,1.2476,Wilcoxon,two.sided,ns,0.995354108
31,31,AZU1,0.0338,NPX,Day 1 1h,Day 1 6h,14,14,100,0.946,-0.9923,1.0415,Wilcoxon,two.sided,ns,0.995354108
41,41,CA4,0.0111,NPX,Day 1 1h,Day 1 6h,14,14,100,0.946,-0.1585,0.1995,Wilcoxon,two.sided,ns,0.995354108
184,184,IGFBP2,-0.05315,NPX,Day 1 1h,Day 1 6h,14,14,96,0.946,-0.4857,0.5679,Wilcoxon,two.sided,ns,0.995354108
279,279,PRTN3,0.00745,NPX,Day 1 1h,Day 1 6h,14,14,100,0.946,-0.3202,0.6786,Wilcoxon,two.sided,ns,0.995354108
320,320,SPP1,0.0121,NPX,Day 1 1h,Day 1 6h,14,14,100,0.946,-0.2684,0.2949,Wilcoxon,two.sided,ns,0.995354108
43,43,CANT1,-0.0164,NPX,Day 1 1h,Day 1 6h,13,13,83,0.96,-0.2666,0.2093,Wilcoxon,two.sided,ns,0.995354108
67,67,CDH6,-0.0311,NPX,Day 1 1h,Day 1 6h,13,13,83,0.96,-0.4185,0.517,Wilcoxon,two.sided,ns,0.995354108
150,150,FCRL1,-0.0118,NPX,Day 1 1h,Day 1 6h,13,13,83,0.96,-0.4955,0.4833,Wilcoxon,two.sided,ns,0.995354108
196,196,IL6ST,-0.0084,NPX,Day 1 1h,Day 1 6h,13,13,83,0.96,-0.2279,0.2471,Wilcoxon,two.sided,ns,0.995354108
303,303,SEMA3F,0.0076,NPX,Day 1 1h,Day 1 6h,13,13,86,0.96,-0.3772,0.4013,Wilcoxon,two.sided,ns,0.995354108
310,310,SIGLEC7,0.0043,NPX,Day 1 1h,Day 1 6h,13,13,86,0.96,-0.2349,0.2733,Wilcoxon,two.sided,ns,0.995354108
317,317,SOST,0.0467,NPX,Day 1 1h,Day 1 6h,13,13,86,0.96,-0.394,0.4423,Wilcoxon,two.sided,ns,0.995354108
69,69,CEACAM8,0.0086,NPX,Day 1 1h,Day 1 6h,13,14,92,0.981,-0.7278,0.888,Wilcoxon,two.sided,ns,1
171,171,HEBP1,0.07135,NPX,Day 1 1h,Day 1 6h,13,14,92,0.981,-0.8571,1.0643,Wilcoxon,two.sided,ns,1
271,271,PON2,-0.02225,NPX,Day 1 1h,Day 1 6h,13,14,90,0.981,-0.3841,0.4089,Wilcoxon,two.sided,ns,1
326,326,SUSD1,0.0138,NPX,Day 1 1h,Day 1 6h,13,14,92,0.981,-0.6523,0.7778,Wilcoxon,two.sided,ns,1
97,97,CPB1,-0.01515,NPX,Day 1 1h,Day 1 6h,14,14,97,0.982,-0.3662,0.4809,Wilcoxon,two.sided,ns,1
315,315,SOD1,-0.0072,NPX,Day 1 1h,Day 1 6h,14,14,97,0.982,-0.6637,0.7427,Wilcoxon,two.sided,ns,1
116,116,DDC,0.0127,NPX,Day 1 1h,Day 1 6h,13,13,85,1,-0.5852,0.6655,Wilcoxon,two.sided,ns,1
133,133,ENTPD5,-0.0076,NPX,Day 1 1h,Day 1 6h,13,14,91,1,-0.2575,0.3024,Wilcoxon,two.sided,ns,1
165,165,GRAP2,-0.0737,NPX,Day 1 1h,Day 1 6h,13,13,84,1,-1.1758,1.3098,Wilcoxon,two.sided,ns,1
203,203,KITLG,-0.0006,NPX,Day 1 1h,Day 1 6h,13,13,84,1,-0.4081,0.4257,Wilcoxon,two.sided,ns,1
243,243,NPTXR,-0.0157,NPX,Day 1 1h,Day 1 6h,13,13,84,1,-0.4299,0.4288,Wilcoxon,two.sided,ns,1
299,299,SDC1,-0.0016,NPX,Day 1 1h,Day 1 6h,13,13,84,1,-0.1937,0.4186,Wilcoxon,two.sided,ns,1
349,349,TP53INP1,0.0003,NPX,Day 1 1h,Day 1 6h,13,14,91,1,-0.2682,0.1872,Wilcoxon,two.sided,ns,1
